title,department
CPT 5100 Advanced Competencies in Financial Accounting (3 units),https://catalogue.uottawa.ca/en/courses/cpt/
"CPT 5101 Advanced Competencies in Audit, Assurance and Governance (3 units)",https://catalogue.uottawa.ca/en/courses/cpt/
CPT 5102 Advanced Competencies in Strategy and Management Accounting (3 units),https://catalogue.uottawa.ca/en/courses/cpt/
CPT 5103 Advanced Competencies in Taxation (3 units),https://catalogue.uottawa.ca/en/courses/cpt/
CPT 5104 Integration of Advanced Competencies in Accountancy (3 units),https://catalogue.uottawa.ca/en/courses/cpt/
CPT 5500 Compétences avancées en comptabilité financière (3 crédits),https://catalogue.uottawa.ca/en/courses/cpt/
"CPT 5501 Compétences avancées en audit, certification et gouvernance (3 crédits)",https://catalogue.uottawa.ca/en/courses/cpt/
CPT 5502 Compétences avancées en stratégie et comptabilité de gestion (3 crédits),https://catalogue.uottawa.ca/en/courses/cpt/
CPT 5503 Compétences avancées en fiscalité (3 crédits),https://catalogue.uottawa.ca/en/courses/cpt/
CPT 5504 Intégration des compétences avancées en comptabilité (3 crédits),https://catalogue.uottawa.ca/en/courses/cpt/
ADM 1100 Introduction to Business (3 units),https://catalogue.uottawa.ca/en/courses/adm/
ADM 1101 Business and Society (3 units),https://catalogue.uottawa.ca/en/courses/adm/
ADM 1300 Introduction to Business (3 units),https://catalogue.uottawa.ca/en/courses/adm/
ADM 1301 Business and Society (3 units),https://catalogue.uottawa.ca/en/courses/adm/
ADM 1305 Mathematics for Business (3 units),https://catalogue.uottawa.ca/en/courses/adm/
ADM 1340 Financial Accounting (3 units),https://catalogue.uottawa.ca/en/courses/adm/
ADM 1370 Applications of Information Technology for Business (3 units),https://catalogue.uottawa.ca/en/courses/adm/
ADM 1500 Introduction à la gestion (3 crédits),https://catalogue.uottawa.ca/en/courses/adm/
ADM 1501 Gestion et société (3 crédits),https://catalogue.uottawa.ca/en/courses/adm/
ADM 1700 Introduction à la gestion (3 crédits),https://catalogue.uottawa.ca/en/courses/adm/
ADM 1701 Gestion et société (3 crédits),https://catalogue.uottawa.ca/en/courses/adm/
ADM 1705 Mathématiques pour la gestion (3 crédits),https://catalogue.uottawa.ca/en/courses/adm/
ADM 1740 Comptabilité financière (3 crédits),https://catalogue.uottawa.ca/en/courses/adm/
ADM 1770 Applications des technologies de l'information en gestion (3 crédits),https://catalogue.uottawa.ca/en/courses/adm/
ADM 2302 Business Analytics (3 units),https://catalogue.uottawa.ca/en/courses/adm/
ADM 2303 Statistics for Management (3 units),https://catalogue.uottawa.ca/en/courses/adm/
ADM 2304 Applications of Statistical Methods in Business (3 units),https://catalogue.uottawa.ca/en/courses/adm/
ADM 2313 The Entrepreneurial Society (3 units),https://catalogue.uottawa.ca/en/courses/adm/
ADM 2320 Marketing (3 units),https://catalogue.uottawa.ca/en/courses/adm/
ADM 2336 Organizational Behaviour (3 units),https://catalogue.uottawa.ca/en/courses/adm/
ADM 2337 Human Resource Management (3 units),https://catalogue.uottawa.ca/en/courses/adm/
ADM 2341 Managerial Accounting (3 units),https://catalogue.uottawa.ca/en/courses/adm/
ADM 2342 Intermediate Accounting I (3 units),https://catalogue.uottawa.ca/en/courses/adm/
ADM 2350 Financial Management (3 units),https://catalogue.uottawa.ca/en/courses/adm/
ADM 2352 Finance Theory (3 units),https://catalogue.uottawa.ca/en/courses/adm/
ADM 2372 Management Information Systems (3 units),https://catalogue.uottawa.ca/en/courses/adm/
ADM 2381 Business Communication Skills (3 units),https://catalogue.uottawa.ca/en/courses/adm/
ADM 2702 Analytique de gestion (3 crédits),https://catalogue.uottawa.ca/en/courses/adm/
ADM 2703 Les statistiques en gestion (3 crédits),https://catalogue.uottawa.ca/en/courses/adm/
ADM 2704 Application des méthodes statistiques en gestion (3 crédits),https://catalogue.uottawa.ca/en/courses/adm/
ADM 2713 La société entrepreneuriale (3 crédits),https://catalogue.uottawa.ca/en/courses/adm/
ADM 2720 Marketing (3 crédits),https://catalogue.uottawa.ca/en/courses/adm/
ADM 2736 Comportement organisationnel (3 crédits),https://catalogue.uottawa.ca/en/courses/adm/
ADM 2737 Gestion des ressources humaines (3 crédits),https://catalogue.uottawa.ca/en/courses/adm/
ADM 2738 Gestion des ressources humaines en milieu Innu (3 crédits),https://catalogue.uottawa.ca/en/courses/adm/
ADM 2741 Comptabilité de gestion (3 crédits),https://catalogue.uottawa.ca/en/courses/adm/
ADM 2742 Comptabilité intermédiaire I (3 crédits),https://catalogue.uottawa.ca/en/courses/adm/
ADM 2750 Gestion financière (3 crédits),https://catalogue.uottawa.ca/en/courses/adm/
ADM 2752 Théorie financière (3 crédits),https://catalogue.uottawa.ca/en/courses/adm/
ADM 2772 Systèmes d'information de gestion (3 crédits),https://catalogue.uottawa.ca/en/courses/adm/
ADM 2781 Habiletés de communication d'affaires (3 crédits),https://catalogue.uottawa.ca/en/courses/adm/
ADM 2901 Stage coop / Co-op Work Term (3 crédits / 3 units),https://catalogue.uottawa.ca/en/courses/adm/
ADM 3118 International Business (3 units),https://catalogue.uottawa.ca/en/courses/adm/
ADM 3301 Operations Management (3 units),https://catalogue.uottawa.ca/en/courses/adm/
ADM 3302 Supply Chain Management (3 units),https://catalogue.uottawa.ca/en/courses/adm/
ADM 3304 Management Consulting (3 units),https://catalogue.uottawa.ca/en/courses/adm/
ADM 3305 Business Simulation Analytics (3 units),https://catalogue.uottawa.ca/en/courses/adm/
ADM 3308 Business Data Mining (3 units),https://catalogue.uottawa.ca/en/courses/adm/
ADM 3313 New Venture Creation (3 units),https://catalogue.uottawa.ca/en/courses/adm/
ADM 3315 Social Entrepreneurship (3 units),https://catalogue.uottawa.ca/en/courses/adm/
ADM 3316 Competitive Intelligence (3 units),https://catalogue.uottawa.ca/en/courses/adm/
ADM 3317 Varieties of Capitalism: from Medieval Merchants to Modern Multinationals (3 units),https://catalogue.uottawa.ca/en/courses/adm/
ADM 3318 International Business (3 units),https://catalogue.uottawa.ca/en/courses/adm/
ADM 3319 Cross-Cultural Management (3 units),https://catalogue.uottawa.ca/en/courses/adm/
ADM 3321 Consumer Behaviour (3 units),https://catalogue.uottawa.ca/en/courses/adm/
ADM 3322 Services Marketing (3 units),https://catalogue.uottawa.ca/en/courses/adm/
ADM 3323 Market Research (3 units),https://catalogue.uottawa.ca/en/courses/adm/
ADM 3326 Advertising and Sales Promotion Management (3 units),https://catalogue.uottawa.ca/en/courses/adm/
ADM 3333 Staffing Organizations (3 units),https://catalogue.uottawa.ca/en/courses/adm/
ADM 3334 Industrial Relations (3 units),https://catalogue.uottawa.ca/en/courses/adm/
ADM 3337 Compensation Administration (3 units),https://catalogue.uottawa.ca/en/courses/adm/
ADM 3340 Intermediate Accounting II (3 units),https://catalogue.uottawa.ca/en/courses/adm/
ADM 3345 Taxation I (3 units),https://catalogue.uottawa.ca/en/courses/adm/
ADM 3346 Cost Accounting (3 units),https://catalogue.uottawa.ca/en/courses/adm/
ADM 3349 Auditing Theory (3 units),https://catalogue.uottawa.ca/en/courses/adm/
ADM 3350 Corporate Finance (3 units),https://catalogue.uottawa.ca/en/courses/adm/
ADM 3351 Fixed Income Investments (3 units),https://catalogue.uottawa.ca/en/courses/adm/
ADM 3352 Portfolio Management (3 units),https://catalogue.uottawa.ca/en/courses/adm/
ADM 3354 Financial Modeling (3 units),https://catalogue.uottawa.ca/en/courses/adm/
ADM 3355 Fintech (3 units),https://catalogue.uottawa.ca/en/courses/adm/
ADM 3357 Applied Investment Fund Management Module I (3 units),https://catalogue.uottawa.ca/en/courses/adm/
ADM 3358 Multinational Business Finance (3 units),https://catalogue.uottawa.ca/en/courses/adm/
ADM 3360 Business Law (3 units),https://catalogue.uottawa.ca/en/courses/adm/
ADM 3363 Healthcare Informatics for Managers (3 units),https://catalogue.uottawa.ca/en/courses/adm/
ADM 3378 Emerging Topics in Management Information Systems (3 units),https://catalogue.uottawa.ca/en/courses/adm/
"ADM 3379 Systems Analysis, Development, and Performance (3 units)",https://catalogue.uottawa.ca/en/courses/adm/
ADM 3396 Seminar in Administration (3 units),https://catalogue.uottawa.ca/en/courses/adm/
ADM 3518 Commerce international (3 crédits),https://catalogue.uottawa.ca/en/courses/adm/
ADM 3701 Gestion des opérations (3 crédits),https://catalogue.uottawa.ca/en/courses/adm/
ADM 3702 Gestion de la chaîne d'approvisionnement (3 crédits),https://catalogue.uottawa.ca/en/courses/adm/
ADM 3704 Conseil en gestion (3 crédits),https://catalogue.uottawa.ca/en/courses/adm/
ADM 3705 La simulation pour l'analytique de gestion (3 crédits),https://catalogue.uottawa.ca/en/courses/adm/
ADM 3708 Forage de données en gestion (3 crédits),https://catalogue.uottawa.ca/en/courses/adm/
ADM 3713 Création d'une nouvelle entreprise (3 crédits),https://catalogue.uottawa.ca/en/courses/adm/
ADM 3715 Entrepreneuriat social (3 crédits),https://catalogue.uottawa.ca/en/courses/adm/
ADM 3716 Veille concurrentielle (3 crédits),https://catalogue.uottawa.ca/en/courses/adm/
ADM 3717 Variétés de capitalisme: depuis les marchands médiévaux jusqu'aux multinationales modernes (3 crédits),https://catalogue.uottawa.ca/en/courses/adm/
ADM 3718 Commerce international (3 crédits),https://catalogue.uottawa.ca/en/courses/adm/
ADM 3719 Gestion comparée (3 crédits),https://catalogue.uottawa.ca/en/courses/adm/
ADM 3721 Comportement du consommateur (3 crédits),https://catalogue.uottawa.ca/en/courses/adm/
ADM 3722 Marketing des services (3 crédits),https://catalogue.uottawa.ca/en/courses/adm/
ADM 3723 Méthodes de recherche en marketing (3 crédits),https://catalogue.uottawa.ca/en/courses/adm/
ADM 3726 Gestion de la publicité et de la promotion des ventes (3 crédits),https://catalogue.uottawa.ca/en/courses/adm/
ADM 3733 Dotation des organisations (3 crédits),https://catalogue.uottawa.ca/en/courses/adm/
ADM 3734 Relations industrielles (3 crédits),https://catalogue.uottawa.ca/en/courses/adm/
ADM 3737 Administration de la rémunération (3 crédits),https://catalogue.uottawa.ca/en/courses/adm/
ADM 3740 Comptabilité intermédiaire II (3 crédits),https://catalogue.uottawa.ca/en/courses/adm/
ADM 3745 Fiscalité I (3 crédits),https://catalogue.uottawa.ca/en/courses/adm/
ADM 3746 Prix de revient (3 crédits),https://catalogue.uottawa.ca/en/courses/adm/
ADM 3749 La théorie de la vérification (3 crédits),https://catalogue.uottawa.ca/en/courses/adm/
ADM 3750 Finance d'entreprise (3 crédits),https://catalogue.uottawa.ca/en/courses/adm/
ADM 3751 Placements en titres à revenu fixe (3 crédits),https://catalogue.uottawa.ca/en/courses/adm/
ADM 3752 Gestion de portefeuille (3 crédits),https://catalogue.uottawa.ca/en/courses/adm/
ADM 3754 Modélisation financière (3 crédits),https://catalogue.uottawa.ca/en/courses/adm/
ADM 3755 Fintech (3 crédits),https://catalogue.uottawa.ca/en/courses/adm/
ADM 3757 Module appliquée d'analyse des investissements I (3 crédits),https://catalogue.uottawa.ca/en/courses/adm/
ADM 3760 Droit des affaires (3 crédits),https://catalogue.uottawa.ca/en/courses/adm/
ADM 3763 Informatique de soins de santé pour les gestionnaires (3 crédits),https://catalogue.uottawa.ca/en/courses/adm/
ADM 3778 Thèmes en émergence  en systèmes d'information de gestion (3 crédits),https://catalogue.uottawa.ca/en/courses/adm/
"ADM 3779 Conception de systèmes d'information, développement et performance (3 crédits)",https://catalogue.uottawa.ca/en/courses/adm/
ADM 3797 Séminaire en administration (3 crédits),https://catalogue.uottawa.ca/en/courses/adm/
ADM 3901 Stage coop / Co-op Work Term (3 crédits / 3 units),https://catalogue.uottawa.ca/en/courses/adm/
ADM 3902 Stage coop / Co-op Work Term (3 crédits / 3 units),https://catalogue.uottawa.ca/en/courses/adm/
ADM 3993 Analyse et présentation des études de cas / Case Study Analysis and Presentation (3 crédits / 3 units),https://catalogue.uottawa.ca/en/courses/adm/
ADM 3994 Préparation et participation à la compétition de cas d'affaires I / Preparation and Participation to Business Cases I (3 crédits / 3 units),https://catalogue.uottawa.ca/en/courses/adm/
ADM 3998 Recherche appliquée en gestion / Applied Research in Management (3 crédits / 3 units),https://catalogue.uottawa.ca/en/courses/adm/
ADM 4103 Project Management (3 units),https://catalogue.uottawa.ca/en/courses/adm/
ADM 4113 Advising Family Business (3 units),https://catalogue.uottawa.ca/en/courses/adm/
ADM 4307 Business Forecasting Analytics (3 units),https://catalogue.uottawa.ca/en/courses/adm/
ADM 4310 Managing Science and Technology Enterprises (3 units),https://catalogue.uottawa.ca/en/courses/adm/
ADM 4311 Strategic Management (3 units),https://catalogue.uottawa.ca/en/courses/adm/
ADM 4312 Management in the New Economy (3 units),https://catalogue.uottawa.ca/en/courses/adm/
ADM 4315 Strategic Entrepreneurship (3 units),https://catalogue.uottawa.ca/en/courses/adm/
ADM 4316 Management of Innovation (3 units),https://catalogue.uottawa.ca/en/courses/adm/
"ADM 4317 Leadership, Strategy and Sustainability (3 units)",https://catalogue.uottawa.ca/en/courses/adm/
ADM 4318 Multinational Business Policy (3 units),https://catalogue.uottawa.ca/en/courses/adm/
ADM 4319 Strategic Management in Developing and Emerging Economies (3 units),https://catalogue.uottawa.ca/en/courses/adm/
ADM 4322 Marketing Strategy (3 units),https://catalogue.uottawa.ca/en/courses/adm/
ADM 4325 Promotional Planning Practicum (3 units),https://catalogue.uottawa.ca/en/courses/adm/
ADM 4326 Digital Marketing Technologies (3 units),https://catalogue.uottawa.ca/en/courses/adm/
ADM 4328 International Marketing (3 units),https://catalogue.uottawa.ca/en/courses/adm/
ADM 4329 Personal Selling (3 units),https://catalogue.uottawa.ca/en/courses/adm/
ADM 4336 Occupational Health and Safety (3 units),https://catalogue.uottawa.ca/en/courses/adm/
ADM 4337 Managing Change (3 units),https://catalogue.uottawa.ca/en/courses/adm/
ADM 4338 International Training and Development for Sustainability (3 units),https://catalogue.uottawa.ca/en/courses/adm/
ADM 4339 Strategic Human Resources Planning (3 units),https://catalogue.uottawa.ca/en/courses/adm/
ADM 4340 Cases Studies in Accounting (3 units),https://catalogue.uottawa.ca/en/courses/adm/
ADM 4341 Advanced Auditing (3 units),https://catalogue.uottawa.ca/en/courses/adm/
ADM 4342 Seminar in Accounting Theory (3 units),https://catalogue.uottawa.ca/en/courses/adm/
ADM 4343 Data Analytics in Accounting (3 units),https://catalogue.uottawa.ca/en/courses/adm/
ADM 4344 Taxation II (3 units),https://catalogue.uottawa.ca/en/courses/adm/
ADM 4345 Management Control Systems (3 units),https://catalogue.uottawa.ca/en/courses/adm/
ADM 4346 Auditing in a digital environment (3 units),https://catalogue.uottawa.ca/en/courses/adm/
ADM 4348 Special Topics in Financial Accounting (3 units),https://catalogue.uottawa.ca/en/courses/adm/
ADM 4349 Advanced Accounting (3 units),https://catalogue.uottawa.ca/en/courses/adm/
ADM 4350 Equity Valuation (3 units),https://catalogue.uottawa.ca/en/courses/adm/
ADM 4351 Options and Futures (3 units),https://catalogue.uottawa.ca/en/courses/adm/
ADM 4352 Advanced Corporate Finance (3 units),https://catalogue.uottawa.ca/en/courses/adm/
ADM 4354 International Financial Management (3 units),https://catalogue.uottawa.ca/en/courses/adm/
"ADM 4355 Finance, Ethics and Social Responsibility (3 units)",https://catalogue.uottawa.ca/en/courses/adm/
ADM 4356 Alternative Investments and Risk Management (3 units),https://catalogue.uottawa.ca/en/courses/adm/
ADM 4357 Applied Investment Fund Management Module II (3 units),https://catalogue.uottawa.ca/en/courses/adm/
ADM 4358 Mergers and Acquisitions (3 units),https://catalogue.uottawa.ca/en/courses/adm/
ADM 4363 Business Optimization Analytics (3 units),https://catalogue.uottawa.ca/en/courses/adm/
ADM 4377 Digital Enterprise Systems and Strategies (3 units),https://catalogue.uottawa.ca/en/courses/adm/
ADM 4378 Business Communications Networks (3 units),https://catalogue.uottawa.ca/en/courses/adm/
ADM 4379 Management and Implementation of Web Technologies in Organizations (3 units),https://catalogue.uottawa.ca/en/courses/adm/
ADM 4396 Seminar in Administration (3 units),https://catalogue.uottawa.ca/en/courses/adm/
ADM 4503 Gestion de projets (3 crédits),https://catalogue.uottawa.ca/en/courses/adm/
ADM 4513 Conseiller les entreprises familiales (3 crédits),https://catalogue.uottawa.ca/en/courses/adm/
ADM 4707 Analytique des prévisions en gestion (3 crédits),https://catalogue.uottawa.ca/en/courses/adm/
ADM 4710 Gestion des entreprises scientifiques et technologiques (3 crédits),https://catalogue.uottawa.ca/en/courses/adm/
ADM 4711 Management stratégique (3 crédits),https://catalogue.uottawa.ca/en/courses/adm/
ADM 4712 Gérer dans la nouvelle économie (3 crédits),https://catalogue.uottawa.ca/en/courses/adm/
ADM 4715 Entrepreneuriat stratégique (3 crédits),https://catalogue.uottawa.ca/en/courses/adm/
ADM 4716 La gestion de l'innovation (3 crédits),https://catalogue.uottawa.ca/en/courses/adm/
"ADM 4717 Leadership, stratégie et durabilité (3 crédits)",https://catalogue.uottawa.ca/en/courses/adm/
ADM 4718 Politiques des firmes multinationales (3 crédits),https://catalogue.uottawa.ca/en/courses/adm/
ADM 4719 Gestion stratégique dans les économies en développement et émergence (3 crédits),https://catalogue.uottawa.ca/en/courses/adm/
ADM 4722 Stratégie du marketing (3 crédits),https://catalogue.uottawa.ca/en/courses/adm/
ADM 4725 Projet de planification promotionnelle (3 crédits),https://catalogue.uottawa.ca/en/courses/adm/
ADM 4726 Marketing et technologies numériques (3 crédits),https://catalogue.uottawa.ca/en/courses/adm/
ADM 4728 Marketing international (3 crédits),https://catalogue.uottawa.ca/en/courses/adm/
ADM 4729 Ventes et relations d'affaires (3 crédits),https://catalogue.uottawa.ca/en/courses/adm/
ADM 4736 Santé et sécurité au travail (3 crédits),https://catalogue.uottawa.ca/en/courses/adm/
ADM 4737 Changement et développement des organisations (3 crédits),https://catalogue.uottawa.ca/en/courses/adm/
ADM 4738 Formation et développement internationaux pour la durabilité (3 crédits),https://catalogue.uottawa.ca/en/courses/adm/
ADM 4739 Planification stratégique des ressources humaines (3 crédits),https://catalogue.uottawa.ca/en/courses/adm/
ADM 4740 Études de cas en comptabilité (3 crédits),https://catalogue.uottawa.ca/en/courses/adm/
ADM 4741 Vérification avancée (3 crédits),https://catalogue.uottawa.ca/en/courses/adm/
ADM 4742 Séminaire en théorie comptable (3 crédits),https://catalogue.uottawa.ca/en/courses/adm/
ADM 4743 Analyse des données en comptabilité (3 crédits),https://catalogue.uottawa.ca/en/courses/adm/
ADM 4744 Fiscalité II (3 crédits),https://catalogue.uottawa.ca/en/courses/adm/
ADM 4745 Systèmes de contrôle de gestion (3 crédits),https://catalogue.uottawa.ca/en/courses/adm/
ADM 4746 L’audit dans un environnement numérique (3 crédits),https://catalogue.uottawa.ca/en/courses/adm/
ADM 4748 Sujets spécialisés en comptabilité financière (3 crédits),https://catalogue.uottawa.ca/en/courses/adm/
ADM 4749 Comptabilité spécialisée (3 crédits),https://catalogue.uottawa.ca/en/courses/adm/
ADM 4750 Évaluation d'entreprises (3 crédits),https://catalogue.uottawa.ca/en/courses/adm/
ADM 4751 Options et contrats à terme (3 crédits),https://catalogue.uottawa.ca/en/courses/adm/
ADM 4752 Gestion financière avancée (3 crédits),https://catalogue.uottawa.ca/en/courses/adm/
ADM 4754 Gestion financière internationale (3 crédits),https://catalogue.uottawa.ca/en/courses/adm/
"ADM 4755 Finances, éthique et responsabilité sociale (3 crédits)",https://catalogue.uottawa.ca/en/courses/adm/
ADM 4756 Les placements alternatifs et la gestion du risque (3 crédits),https://catalogue.uottawa.ca/en/courses/adm/
ADM 4757 Module appliquée d'analyse des investissements II (3 crédits),https://catalogue.uottawa.ca/en/courses/adm/
ADM 4758 Fusions et Acquisitions (3 crédits),https://catalogue.uottawa.ca/en/courses/adm/
ADM 4763 L’optimisation pour l’analytique de gestion (3 crédits),https://catalogue.uottawa.ca/en/courses/adm/
ADM 4777 Systèmes et stratégies de l'entreprise numérique (3 crédits),https://catalogue.uottawa.ca/en/courses/adm/
ADM 4778 Réseaux de communication d'affaires (3 crédits),https://catalogue.uottawa.ca/en/courses/adm/
ADM 4779 Gestion et mise en place des technologies web dans les organisations (3 crédits),https://catalogue.uottawa.ca/en/courses/adm/
ADM 4797 Séminaire en administration (3 crédits),https://catalogue.uottawa.ca/en/courses/adm/
ADM 4901 Stage coop / Co-op Work Term (3 crédits / 3 units),https://catalogue.uottawa.ca/en/courses/adm/
ADM 4902 Stage coop / Co-op Work Term (3 crédits / 3 units),https://catalogue.uottawa.ca/en/courses/adm/
ADM 4903 Stage sur la création d'une entreprise / New Venture Creation in Practicum (3 crédits / 3 units),https://catalogue.uottawa.ca/en/courses/adm/
ADM 4904 Connexions I / Connexions I (3 crédits / 3 units),https://catalogue.uottawa.ca/en/courses/adm/
ADM 4905 Connexions II / Connexions II (3 crédits / 3 units),https://catalogue.uottawa.ca/en/courses/adm/
ADM 4907 Projet en conseil de gestion / Management Consulting Project (3 crédits / 3 units),https://catalogue.uottawa.ca/en/courses/adm/
ADM 4964 L’application de l’analytique de gestion / Application of Business Analytics (3 crédits / 3 units),https://catalogue.uottawa.ca/en/courses/adm/
ADM 4994 Préparation et participation à la compétition de cas d'affaires II / Preparation and Participation to business Cases II (3 crédits / 3 units),https://catalogue.uottawa.ca/en/courses/adm/
ADM 4998 Lectures dirigées en gestion I / Directed Readings in Management I (3 crédits / 3 units),https://catalogue.uottawa.ca/en/courses/adm/
ADM 4999 Lectures dirigées en gestion II / Directed Readings in Management II (3 crédits / 3 units),https://catalogue.uottawa.ca/en/courses/adm/
ADM 5102 Labour Management Relation (3 units),https://catalogue.uottawa.ca/en/courses/adm/
ADM 5300 Data Analysis (3 units),https://catalogue.uottawa.ca/en/courses/adm/
ADM 5310 Public Sector and Business (3 units),https://catalogue.uottawa.ca/en/courses/adm/
ADM 5320 Marketing (3 units),https://catalogue.uottawa.ca/en/courses/adm/
ADM 5330 Organizational Behavior (3 units),https://catalogue.uottawa.ca/en/courses/adm/
ADM 5331 Human Resource Management (3 units),https://catalogue.uottawa.ca/en/courses/adm/
ADM 5341 Financial Accounting (3 units),https://catalogue.uottawa.ca/en/courses/adm/
ADM 5342 Managerial Accounting (3 units),https://catalogue.uottawa.ca/en/courses/adm/
ADM 5350 Principles of Finance (3 units),https://catalogue.uottawa.ca/en/courses/adm/
ADM 5351 Managerial Microeconomics (3 units),https://catalogue.uottawa.ca/en/courses/adm/
ADM 5352 Managerial Macroeconomics (3 units),https://catalogue.uottawa.ca/en/courses/adm/
ADM 5360 Strategic Management and Policy I (3 units),https://catalogue.uottawa.ca/en/courses/adm/
ADM 5361 Strategic Management and Policy II (3 units),https://catalogue.uottawa.ca/en/courses/adm/
ADM 5370 Information Management (3 units),https://catalogue.uottawa.ca/en/courses/adm/
ADM 5380 Decision Models for Operations Management (3 units),https://catalogue.uottawa.ca/en/courses/adm/
ADM 5502 Relations de travail (3 crédits),https://catalogue.uottawa.ca/en/courses/adm/
ADM 5700 Analyse des données (3 crédits),https://catalogue.uottawa.ca/en/courses/adm/
ADM 5710 Le secteur public et le monde des affaires (3 crédits),https://catalogue.uottawa.ca/en/courses/adm/
ADM 5720 Marketing (3 crédits),https://catalogue.uottawa.ca/en/courses/adm/
ADM 5730 Comportement au sein de l'organisation (3 crédits),https://catalogue.uottawa.ca/en/courses/adm/
ADM 5731 Gestion des ressources humaines (3 crédits),https://catalogue.uottawa.ca/en/courses/adm/
ADM 5741 Comptabilité financière (3 crédits),https://catalogue.uottawa.ca/en/courses/adm/
ADM 5742 Comptabilité de gestion (3 crédits),https://catalogue.uottawa.ca/en/courses/adm/
ADM 5750 Principes de finance (3 crédits),https://catalogue.uottawa.ca/en/courses/adm/
ADM 5751 Microéconomie de la gestion (3 crédits),https://catalogue.uottawa.ca/en/courses/adm/
ADM 5752 Macroéconomie de la gestion (3 crédits),https://catalogue.uottawa.ca/en/courses/adm/
ADM 5760 Stratégie et politique de la gestion I (3 crédits),https://catalogue.uottawa.ca/en/courses/adm/
ADM 5761 Stratégie et politique de la gestion II (3 crédits),https://catalogue.uottawa.ca/en/courses/adm/
ADM 5770 Gestion de l'information (3 crédits),https://catalogue.uottawa.ca/en/courses/adm/
ADM 5780 Modèles de décision en gestion des opérations (3 crédits),https://catalogue.uottawa.ca/en/courses/adm/
ADM 6001 CO-OP WORK TERM (6 crédits / 6 units),https://catalogue.uottawa.ca/en/courses/adm/
ADM 6002 CO-OP WORK TERM (6 crédits / 6 units),https://catalogue.uottawa.ca/en/courses/adm/
ADM 6099 Stage / Internship (6 crédits / 6 units),https://catalogue.uottawa.ca/en/courses/adm/
ADM 6110 Function. and Organization Government (3 units),https://catalogue.uottawa.ca/en/courses/adm/
ADM 6117 Manpower Resource Development (3 units),https://catalogue.uottawa.ca/en/courses/adm/
ADM 6141 Seminar Public Systems I Transport (3 units),https://catalogue.uottawa.ca/en/courses/adm/
ADM 6190 Directed Studies Public Policy and Management (3 units),https://catalogue.uottawa.ca/en/courses/adm/
ADM 6228 Global Marketing (1.5 unit),https://catalogue.uottawa.ca/en/courses/adm/
ADM 6229 Export Marketing (1.5 unit),https://catalogue.uottawa.ca/en/courses/adm/
ADM 6245 Analysis of International Financial Information (1.5 unit),https://catalogue.uottawa.ca/en/courses/adm/
ADM 6250 Applied Corporate Finance I (1.5 unit),https://catalogue.uottawa.ca/en/courses/adm/
ADM 6251 Applied Corporate Finance II (1.5 unit),https://catalogue.uottawa.ca/en/courses/adm/
ADM 6252 Investments: Equity Instruments (1.5 unit),https://catalogue.uottawa.ca/en/courses/adm/
ADM 6253 Investments: Fixed-Income Instruments (1.5 unit),https://catalogue.uottawa.ca/en/courses/adm/
ADM 6254 Futures and Options (1.5 unit),https://catalogue.uottawa.ca/en/courses/adm/
ADM 6255 Real Asset Valuation (1.5 unit),https://catalogue.uottawa.ca/en/courses/adm/
ADM 6256 Option Pricing (1.5 unit),https://catalogue.uottawa.ca/en/courses/adm/
ADM 6257 Advanced Derivatives (1.5 unit),https://catalogue.uottawa.ca/en/courses/adm/
ADM 6258 International Financial Markets (1.5 unit),https://catalogue.uottawa.ca/en/courses/adm/
ADM 6259 International Corporate Finance (1.5 unit),https://catalogue.uottawa.ca/en/courses/adm/
ADM 6260 Project Management I (1.5 unit),https://catalogue.uottawa.ca/en/courses/adm/
ADM 6261 Project Management II (1.5 unit),https://catalogue.uottawa.ca/en/courses/adm/
ADM 6262 Technology in the National and International Environments (1.5 unit),https://catalogue.uottawa.ca/en/courses/adm/
ADM 6263 Technology Adaptation and Innovation in a Corporate Environment (1.5 unit),https://catalogue.uottawa.ca/en/courses/adm/
ADM 6264 Technology R and D (1.5 unit),https://catalogue.uottawa.ca/en/courses/adm/
ADM 6266 Multinational Management I (1.5 unit),https://catalogue.uottawa.ca/en/courses/adm/
ADM 6267 Multinational Management II (1.5 unit),https://catalogue.uottawa.ca/en/courses/adm/
ADM 6268 Comparative Management I (1.5 unit),https://catalogue.uottawa.ca/en/courses/adm/
ADM 6269 Comparative Management II (1.5 unit),https://catalogue.uottawa.ca/en/courses/adm/
ADM 6274 International E-Business Strategies (1.5 unit),https://catalogue.uottawa.ca/en/courses/adm/
ADM 6275 Big Data Analytics (1.5 unit),https://catalogue.uottawa.ca/en/courses/adm/
ADM 6276 Enterprise Resource Planning Systems Management (1.5 unit),https://catalogue.uottawa.ca/en/courses/adm/
ADM 6277 E-Business Energy Management (1.5 unit),https://catalogue.uottawa.ca/en/courses/adm/
ADM 6279 Socio-Technical Change (1.5 unit),https://catalogue.uottawa.ca/en/courses/adm/
ADM 6280 Current Practices in Operations Management (1.5 unit),https://catalogue.uottawa.ca/en/courses/adm/
ADM 6282 Introduction to Quality Management (1.5 unit),https://catalogue.uottawa.ca/en/courses/adm/
ADM 6284 Managing Technological Risk (1.5 unit),https://catalogue.uottawa.ca/en/courses/adm/
ADM 6286 International E-Business Strategies for DTI (1.5 unit),https://catalogue.uottawa.ca/en/courses/adm/
ADM 6287 Business Intelligence Technologies and Big Data Analytics for DTI (1.5 unit),https://catalogue.uottawa.ca/en/courses/adm/
ADM 6301 Multivariate Methods in Management (3 units),https://catalogue.uottawa.ca/en/courses/adm/
ADM 6302 Business and Economic Forecasting (3 units),https://catalogue.uottawa.ca/en/courses/adm/
ADM 6311 Public Management and Administration in Canada (3 units),https://catalogue.uottawa.ca/en/courses/adm/
ADM 6313 Public Sector Financial Policy (3 units),https://catalogue.uottawa.ca/en/courses/adm/
ADM 6315 Project and Program Evaluation (3 units),https://catalogue.uottawa.ca/en/courses/adm/
ADM 6316 Issues in Public Policy and Administration (3 units),https://catalogue.uottawa.ca/en/courses/adm/
ADM 6319 Management of Trade Policy (3 units),https://catalogue.uottawa.ca/en/courses/adm/
ADM 6320 Marketing Research (3 units),https://catalogue.uottawa.ca/en/courses/adm/
ADM 6321 Services Marketing (3 units),https://catalogue.uottawa.ca/en/courses/adm/
ADM 6322 Consumer Behavior (3 units),https://catalogue.uottawa.ca/en/courses/adm/
ADM 6323 Promotional Management (3 units),https://catalogue.uottawa.ca/en/courses/adm/
ADM 6324 Marketing Strategy (3 units),https://catalogue.uottawa.ca/en/courses/adm/
ADM 6325 International Marketing (3 units),https://catalogue.uottawa.ca/en/courses/adm/
ADM 6326 Industrial and Technology Marketing (3 units),https://catalogue.uottawa.ca/en/courses/adm/
ADM 6330 Organization Design (3 units),https://catalogue.uottawa.ca/en/courses/adm/
ADM 6331 Managing Organizational Change (3 units),https://catalogue.uottawa.ca/en/courses/adm/
ADM 6332 Industrial Relations (3 units),https://catalogue.uottawa.ca/en/courses/adm/
ADM 6335 Performance Management (3 units),https://catalogue.uottawa.ca/en/courses/adm/
ADM 6336 Employment and Pay Equity (3 units),https://catalogue.uottawa.ca/en/courses/adm/
ADM 6340 Accounting for Managerial Planning and Control (3 units),https://catalogue.uottawa.ca/en/courses/adm/
ADM 6342 Corporate Accounting and Financial Analysis (3 units),https://catalogue.uottawa.ca/en/courses/adm/
ADM 6343 Tax Policy and Management (3 units),https://catalogue.uottawa.ca/en/courses/adm/
"ADM 6344 Auditing-Internal, External and Comprehensive (3 units)",https://catalogue.uottawa.ca/en/courses/adm/
ADM 6345 Creativity and Innovation (3 units),https://catalogue.uottawa.ca/en/courses/adm/
ADM 6348 Tech. Policy and R and D Management (3 units),https://catalogue.uottawa.ca/en/courses/adm/
ADM 6350 Corporate Finance (3 units),https://catalogue.uottawa.ca/en/courses/adm/
ADM 6351 Management of Fixed Income Securities (3 units),https://catalogue.uottawa.ca/en/courses/adm/
ADM 6353 Financial Instruments and Investment Strategies (3 units),https://catalogue.uottawa.ca/en/courses/adm/
ADM 6354 International Corporate Finance (3 units),https://catalogue.uottawa.ca/en/courses/adm/
"ADM 6357 Options, Futures and Derivative Securities (3 units)",https://catalogue.uottawa.ca/en/courses/adm/
ADM 6358 Real Estate Investment and Finance (3 units),https://catalogue.uottawa.ca/en/courses/adm/
ADM 6362 Project Management (3 units),https://catalogue.uottawa.ca/en/courses/adm/
ADM 6365 Business Law (3 units),https://catalogue.uottawa.ca/en/courses/adm/
ADM 6367 Technology Policy and Research and Development Management (3 units),https://catalogue.uottawa.ca/en/courses/adm/
ADM 6368 Starting a Small Business (3 units),https://catalogue.uottawa.ca/en/courses/adm/
ADM 6371 Computer Methods in Industrial Engineering (3 units),https://catalogue.uottawa.ca/en/courses/adm/
ADM 6371I Computer Methods in Industrial Engineering (3 crédits / 3 units),https://catalogue.uottawa.ca/en/courses/adm/
ADM 6373 Business Telecommunication Systems (3 units),https://catalogue.uottawa.ca/en/courses/adm/
ADM 6376 Information Systems for Decision-Making (3 units),https://catalogue.uottawa.ca/en/courses/adm/
ADM 6377 Planning and Development of Information Systems (3 units),https://catalogue.uottawa.ca/en/courses/adm/
ADM 6381 Managing Technological Risk (3 units),https://catalogue.uottawa.ca/en/courses/adm/
ADM 6382 Management Analysis and Control of Production Systems (3 units),https://catalogue.uottawa.ca/en/courses/adm/
ADM 6383 Mathematical Programming (3 units),https://catalogue.uottawa.ca/en/courses/adm/
ADM 6385 Linear Optimization (3 units),https://catalogue.uottawa.ca/en/courses/adm/
ADM 6385I Linear Optimization (3 crédits / 3 units),https://catalogue.uottawa.ca/en/courses/adm/
ADM 6386 Non-Linear Optimization (3 units),https://catalogue.uottawa.ca/en/courses/adm/
ADM 6386I Non-Linear Optimization (3 crédits / 3 units),https://catalogue.uottawa.ca/en/courses/adm/
ADM 6387 Topics in Operations Research (3 units),https://catalogue.uottawa.ca/en/courses/adm/
ADM 6387I Topics in Operations Research (3 crédits / 3 units),https://catalogue.uottawa.ca/en/courses/adm/
ADM 6391 Directed Readings in Administration I (3 units),https://catalogue.uottawa.ca/en/courses/adm/
ADM 6392 Directed Readings in Administration II (3 units),https://catalogue.uottawa.ca/en/courses/adm/
ADM 6393 Seminar in Administration I (3 units),https://catalogue.uottawa.ca/en/courses/adm/
ADM 6394 Seminar in Administration II (3 units),https://catalogue.uottawa.ca/en/courses/adm/
ADM 6395 Seminar in Administration III (3 units),https://catalogue.uottawa.ca/en/courses/adm/
ADM 63951 Seminar in Administration III (3 units),https://catalogue.uottawa.ca/en/courses/adm/
ADM 6396 Seminar in Administration IV (3 units),https://catalogue.uottawa.ca/en/courses/adm/
ADM 6420 Digital Marketing (1.5 unit),https://catalogue.uottawa.ca/en/courses/adm/
ADM 6450 Financial Management for High-Tech Firms (1.5 unit),https://catalogue.uottawa.ca/en/courses/adm/
ADM 6510 Fonctionnement et organisation gouvernementale (3 crédits),https://catalogue.uottawa.ca/en/courses/adm/
ADM 6517 Main d'œuvre (3 crédits),https://catalogue.uottawa.ca/en/courses/adm/
ADM 6541 Séminaire sur les systèmes publics (3 crédits),https://catalogue.uottawa.ca/en/courses/adm/
ADM 6566 Gestion du personnel (3 crédits),https://catalogue.uottawa.ca/en/courses/adm/
ADM 6585 Méthode probabiliste en gestion (3 crédits),https://catalogue.uottawa.ca/en/courses/adm/
ADM 6660 Gestion de projet I (1.5 crédit),https://catalogue.uottawa.ca/en/courses/adm/
ADM 6661 Gestion de projet II (1.5 crédit),https://catalogue.uottawa.ca/en/courses/adm/
ADM 6677 Gestion de l'énergie pour les affaires électroniques (1.5 crédit),https://catalogue.uottawa.ca/en/courses/adm/
ADM 6701 Méthodes d'analyse multivariée en gestion (3 crédits),https://catalogue.uottawa.ca/en/courses/adm/
ADM 6702 Prévision dans l'économie et dans l'entreprise (3 crédits),https://catalogue.uottawa.ca/en/courses/adm/
ADM 6711 Gestion et administration publiques au Canada (3 crédits),https://catalogue.uottawa.ca/en/courses/adm/
ADM 6715 Évaluation de programmes et de projets (3 crédits),https://catalogue.uottawa.ca/en/courses/adm/
ADM 6716 Problèmes de politique générale et d'administration (3 crédits),https://catalogue.uottawa.ca/en/courses/adm/
ADM 6719 La gestion de la politique commerciale (3 crédits),https://catalogue.uottawa.ca/en/courses/adm/
ADM 6720 Méthodes de recherche en marketing (3 crédits),https://catalogue.uottawa.ca/en/courses/adm/
ADM 6721 Marketing des services (3 crédits),https://catalogue.uottawa.ca/en/courses/adm/
ADM 6722 Comportement du consommateur (3 crédits),https://catalogue.uottawa.ca/en/courses/adm/
ADM 6723 Gestion de la promotion (3 crédits),https://catalogue.uottawa.ca/en/courses/adm/
ADM 6724 Stratégie du marketing (3 crédits),https://catalogue.uottawa.ca/en/courses/adm/
ADM 6725 Marketing international (3 crédits),https://catalogue.uottawa.ca/en/courses/adm/
ADM 6726 Marketing des biens technologiques et industriels (3 crédits),https://catalogue.uottawa.ca/en/courses/adm/
ADM 6730 Design des organisations (3 crédits),https://catalogue.uottawa.ca/en/courses/adm/
ADM 6731 Gestion du changement organisationnel (3 crédits),https://catalogue.uottawa.ca/en/courses/adm/
ADM 6732 Relation de travail (3 crédits),https://catalogue.uottawa.ca/en/courses/adm/
ADM 6735 Gestion de la performance (3 crédits),https://catalogue.uottawa.ca/en/courses/adm/
ADM 6736 Équité en matière d'emploi et équité salariale (3 crédits),https://catalogue.uottawa.ca/en/courses/adm/
ADM 6740 Comptabilité pour la planification managériale et le contrôle (3 crédits),https://catalogue.uottawa.ca/en/courses/adm/
ADM 6742 Comptabilité de l'entreprise et l'analyse financière (3 crédits),https://catalogue.uottawa.ca/en/courses/adm/
ADM 6743 Politiques fiscales et gestion (3 crédits),https://catalogue.uottawa.ca/en/courses/adm/
"ADM 6744 La vérification interne, externe et globale (3 crédits)",https://catalogue.uottawa.ca/en/courses/adm/
ADM 6750 Finance d'entreprise (3 crédits),https://catalogue.uottawa.ca/en/courses/adm/
ADM 6751 La gestion des titres à revenu fixe (3 crédits),https://catalogue.uottawa.ca/en/courses/adm/
ADM 6753 Instruments financièrs et stratégies d'investissement (3 crédits),https://catalogue.uottawa.ca/en/courses/adm/
ADM 6754 Gestion financière internationale (3 crédits),https://catalogue.uottawa.ca/en/courses/adm/
"ADM 6757 Options, contrats à terme et titres dérivés (3 crédits)",https://catalogue.uottawa.ca/en/courses/adm/
ADM 6758 Investissement et financement dans l'immobilier (3 crédits),https://catalogue.uottawa.ca/en/courses/adm/
ADM 6762 La gestion de projets (3 crédits),https://catalogue.uottawa.ca/en/courses/adm/
ADM 6763 Gestion multinationale (3 crédits),https://catalogue.uottawa.ca/en/courses/adm/
ADM 6764 Gestion comparée (3 crédits),https://catalogue.uottawa.ca/en/courses/adm/
ADM 6765 Droit des affaires (3 crédits),https://catalogue.uottawa.ca/en/courses/adm/
ADM 6767 La technologie et la gestion de la recherche et du développement (3 crédits),https://catalogue.uottawa.ca/en/courses/adm/
ADM 6768 Le lancement d'une petite et moyenne entreprise (3 crédits),https://catalogue.uottawa.ca/en/courses/adm/
ADM 6773 Systèmes de télécommunication en gestion (3 crédits),https://catalogue.uottawa.ca/en/courses/adm/
ADM 6776 Systèmes d'information pour la prise de décision (3 crédits),https://catalogue.uottawa.ca/en/courses/adm/
ADM 6777 Planification et développement des systèmes d'information (3 crédits),https://catalogue.uottawa.ca/en/courses/adm/
ADM 6781 La gestion du risque technologique (3 crédits),https://catalogue.uottawa.ca/en/courses/adm/
"ADM 6782 Gestion, analyse et contrôle des systèmes de production (3 crédits)",https://catalogue.uottawa.ca/en/courses/adm/
ADM 6783 Programmation mathématique (3 crédits),https://catalogue.uottawa.ca/en/courses/adm/
ADM 6791 Lectures dirigées en administration I (3 crédits),https://catalogue.uottawa.ca/en/courses/adm/
ADM 6792 Lectures dirigées en administration II (3 crédits),https://catalogue.uottawa.ca/en/courses/adm/
ADM 6793 Séminaire en administration I (3 crédits),https://catalogue.uottawa.ca/en/courses/adm/
ADM 6794 Séminaire en administration II (3 crédits),https://catalogue.uottawa.ca/en/courses/adm/
ADM 6795 Séminaire en administration III (3 crédits),https://catalogue.uottawa.ca/en/courses/adm/
ADM 6796 Séminaire en administration IV (3 crédits),https://catalogue.uottawa.ca/en/courses/adm/
ADM 6901 Projet / Project (3 crédits / 3 units),https://catalogue.uottawa.ca/en/courses/adm/
ADM 6925 Marketing mondial / Global Marketing (3 crédits / 3 units),https://catalogue.uottawa.ca/en/courses/adm/
ADM 6931 Gestion des ressources humaines internationales / International Human Resources Management (1.5 crédit / 1.5 unit),https://catalogue.uottawa.ca/en/courses/adm/
ADM 6932 Relations industrielles comparées / Comparative Industrial Relations (1.5 crédit / 1.5 unit),https://catalogue.uottawa.ca/en/courses/adm/
ADM 6940 Informations financières et de gestion en milieu international / International Financial and Managerial Information (3 crédits / 3 units),https://catalogue.uottawa.ca/en/courses/adm/
ADM 6954 Gestion internationale du risque financier et politique de couverture / International Financial Risk and Exposure Management (3 crédits / 3 units),https://catalogue.uottawa.ca/en/courses/adm/
ADM 6955 Gestion mondiale et politique commerciale / Global Management and Trade Policy (3 crédits / 3 units),https://catalogue.uottawa.ca/en/courses/adm/
ADM 6960 Politique internationale de l'entreprise I / International Business Policy I (3 crédits / 3 units),https://catalogue.uottawa.ca/en/courses/adm/
ADM 6961 Politique internationale de l'entreprise II et négociation / International Business Policy II and Negotiations (3 crédits / 3 units),https://catalogue.uottawa.ca/en/courses/adm/
ADM 6964 Gestion interculturelle / Cross Culture Management (1.5 crédit / 1.5 unit),https://catalogue.uottawa.ca/en/courses/adm/
ADM 6966 Droit international / International Law (1.5 crédit / 1.5 unit),https://catalogue.uottawa.ca/en/courses/adm/
ADM 6970 La gestion des systèmes d'information en contexte international / Information Systems Management in an International Context (3 crédits / 3 units),https://catalogue.uottawa.ca/en/courses/adm/
ADM 6980 Logistique et production multinationales / Multinational Logistics and Manufacturing (3 crédits / 3 units),https://catalogue.uottawa.ca/en/courses/adm/
AMM 5101 Theory of Elasticity (3 units),https://catalogue.uottawa.ca/en/courses/amm/
AMM 5102 Advanced Stress Analysis (3 units),https://catalogue.uottawa.ca/en/courses/amm/
AMM 5103 Theory of Perfectly Plastic Solids (3 units),https://catalogue.uottawa.ca/en/courses/amm/
AMM 5106 Advanced Topics in Elasticity (3 units),https://catalogue.uottawa.ca/en/courses/amm/
AMM 5117 Introduction to Composite Materials (3 units),https://catalogue.uottawa.ca/en/courses/amm/
AMM 5118 Introduction to Plasticity (3 units),https://catalogue.uottawa.ca/en/courses/amm/
AMM 5119 Fracture Mechanics (3 units),https://catalogue.uottawa.ca/en/courses/amm/
AMM 5121 Materials Selection in Engineering Design (3 units),https://catalogue.uottawa.ca/en/courses/amm/
AMM 5122 Failure analysis of high-temperature protective coatings for aerospace applications (3 units),https://catalogue.uottawa.ca/en/courses/amm/
AMM 5123 Microstructure and Properties of Materials (3 units),https://catalogue.uottawa.ca/en/courses/amm/
AMM 5124 Fatigue and Damage Tolerance in Aircraft (3 units),https://catalogue.uottawa.ca/en/courses/amm/
AMM 5125 Materials characterization techniques (3 units),https://catalogue.uottawa.ca/en/courses/amm/
AMM 5126 Deformation of Materials (3 units),https://catalogue.uottawa.ca/en/courses/amm/
AMM 5129 Hot Working Metals (3 units),https://catalogue.uottawa.ca/en/courses/amm/
AMM 5130 Deformation and Fracture of Engineering Materials (3 units),https://catalogue.uottawa.ca/en/courses/amm/
AMM 5137 Special Studies in Solid Mechanics and Materials (3 units),https://catalogue.uottawa.ca/en/courses/amm/
AMM 5138 Advanced Topics in Advanced Materials and Manufacturing (3 units),https://catalogue.uottawa.ca/en/courses/amm/
AMM 5144 Superalloys and Ceramix-Metal Matrix Composites (3 units),https://catalogue.uottawa.ca/en/courses/amm/
AMM 5159 Advanced Production Planning and Control (3 units),https://catalogue.uottawa.ca/en/courses/amm/
AMM 5168 Industrial Organization (3 units),https://catalogue.uottawa.ca/en/courses/amm/
AMM 5179 Manufacturing System Analysis (3 units),https://catalogue.uottawa.ca/en/courses/amm/
AMM 5182 Theory of Elastic Instability (3 units),https://catalogue.uottawa.ca/en/courses/amm/
AMM 5317 Experimental Stress Analysis (3 units),https://catalogue.uottawa.ca/en/courses/amm/
AMM 5345 Surfaces and Coatings (3 units),https://catalogue.uottawa.ca/en/courses/amm/
AMM 5362 Failure Prevention (3 units),https://catalogue.uottawa.ca/en/courses/amm/
AMM 5364 Computational Metallurgy (3 units),https://catalogue.uottawa.ca/en/courses/amm/
AMM 5369 Metallic Phases and Transformations (3 units),https://catalogue.uottawa.ca/en/courses/amm/
AMM 5374 Integrated Manufacturing – CIMS (3 units),https://catalogue.uottawa.ca/en/courses/amm/
AMM 5381 Lightweight Structures (3 units),https://catalogue.uottawa.ca/en/courses/amm/
AMM 5396 Directed Studies (3 units),https://catalogue.uottawa.ca/en/courses/amm/
AMM 6998 Projet / Project (6 crédits / 6 units),https://catalogue.uottawa.ca/en/courses/amm/
AMM 9997 Préparation du rapport de candidature au doctorat / Preparation of Ph.D. Candidacy Paper,https://catalogue.uottawa.ca/en/courses/amm/
AMM 9998 Examen général du doctorat / PhD Comprehensive,https://catalogue.uottawa.ca/en/courses/amm/
AFR 1100 Introduction to African Studies (3 units),https://catalogue.uottawa.ca/en/courses/afr/
AFR 1500 Introduction aux études africaines (3 crédits),https://catalogue.uottawa.ca/en/courses/afr/
AFR 3101 Decolonising Research Methodologies (3 units),https://catalogue.uottawa.ca/en/courses/afr/
AFR 3102 Economic Structures and Systems in Africa (3 units),https://catalogue.uottawa.ca/en/courses/afr/
AFR 3103 Special Topic in African Studies (3 units),https://catalogue.uottawa.ca/en/courses/afr/
AFR 3501 Décolonisation des méthodologies de recherche (3 crédits),https://catalogue.uottawa.ca/en/courses/afr/
AFR 3502 Structures et systèmes économiques en Afrique (3 crédits),https://catalogue.uottawa.ca/en/courses/afr/
AFR 3503 Thème choisi en études africaines (3 crédits),https://catalogue.uottawa.ca/en/courses/afr/
AFR 4103 Special Topic in African Studies (3 units),https://catalogue.uottawa.ca/en/courses/afr/
AFR 4503 Thème choisi en études africaines (3 crédits),https://catalogue.uottawa.ca/en/courses/afr/
ASE 5101 Anatomy I: Anatomy of the Musculoskeletal System (3 units),https://catalogue.uottawa.ca/en/courses/ase/
"ASE 5102 Anatomy II: Anatomy of the Abdomen: Gastrointestinal, Renal and Reproductive Systems (3 units)",https://catalogue.uottawa.ca/en/courses/ase/
"ASE 5103 Anatomy III: Anatomy of the Head, Neck & Thorax (3 units)",https://catalogue.uottawa.ca/en/courses/ase/
ASE 5105 Applied Anatomy I (3 units),https://catalogue.uottawa.ca/en/courses/ase/
ASE 5106 Applied Anatomy II (3 units),https://catalogue.uottawa.ca/en/courses/ase/
ASE 5107 Histology and Embryology (3 units),https://catalogue.uottawa.ca/en/courses/ase/
ASE 5110 Scholarly Communication (3 units),https://catalogue.uottawa.ca/en/courses/ase/
ASE 5111 Advanced Applied Research Methods in Medical Education (3 units),https://catalogue.uottawa.ca/en/courses/ase/
ASE 5112 Introduction to Applied Research in Medical Education (3 units),https://catalogue.uottawa.ca/en/courses/ase/
ASE 5166 Seminar in Health Professions Education (3 units),https://catalogue.uottawa.ca/en/courses/ase/
ASE 5501 Anatomie I : anatomie de l’appareil locomoteur (3 crédits),https://catalogue.uottawa.ca/en/courses/ase/
ASE 5502 Anatomie II : anatomie de l’abdomen : appareils digestif et rénal et système reproducteur (3 crédits),https://catalogue.uottawa.ca/en/courses/ase/
"ASE 5503 Anatomie III : anatomie de la tête, du cou et du thorax (3 crédits)",https://catalogue.uottawa.ca/en/courses/ase/
ASE 5505 Anatomie appliquée I (3 crédits),https://catalogue.uottawa.ca/en/courses/ase/
ASE 5506 Anatomie appliquée II (3 crédits),https://catalogue.uottawa.ca/en/courses/ase/
ASE 5507 Histologie et embryologie (3 crédits),https://catalogue.uottawa.ca/en/courses/ase/
ASE 5510 Communications savantes (3 crédits),https://catalogue.uottawa.ca/en/courses/ase/
ASE 5511 Recherche avancée en éducation médicales (3 crédits),https://catalogue.uottawa.ca/en/courses/ase/
ASE 5512 Introduction à la recherche appliquée en éducation médicale (3 crédits),https://catalogue.uottawa.ca/en/courses/ase/
ASE 5909 Formation d’anatomie et écho ciblée appliquées / Applied Point-of-Care US and Anatomy Bootcamp (3 crédits / 3 units),https://catalogue.uottawa.ca/en/courses/ase/
ASE 5998 Étude et synthèse de l'enseignement sciences anatoniques / Review and Synthesis in Anatomical Sciences Education (3 crédits / 3 units),https://catalogue.uottawa.ca/en/courses/ase/
ASE 59981 Review and Synthesis in Anatomical Sciences Education (Part 1 of 2),https://catalogue.uottawa.ca/en/courses/ase/
ASE 59982 Review and Synthesis in Anatomical Sciences Education (Part 2 of 2) (3 crédits / 3 units),https://catalogue.uottawa.ca/en/courses/ase/
ASE 7998 Recherche en éducation : projet de recherche / Education Scholarship: Research Project (6 crédits / 6 units),https://catalogue.uottawa.ca/en/courses/ase/
ANA 6300 Seminars (3 units),https://catalogue.uottawa.ca/en/courses/ana/
ANP 1105 Human Anatomy and Physiology I (3 units),https://catalogue.uottawa.ca/en/courses/anp/
ANP 1106 Human Anatomy and Physiology II (3 units),https://catalogue.uottawa.ca/en/courses/anp/
ANP 1107 Human Anatomy and Physiology III (3 unit... (2 MB left)
ottawa_courses.csv
2 MB